ID,Poids Estim√©
5gLYcjsz9z,-
j0rBCrMwYa,-
GI72jxWh7u,-
YJNyDH3z1V,-
y98GtegfKY,-
eoyNhPOFPC,-
Ml0xIuxlDM,-
oSBT1r6fR0,-
MRGontTkAG,-
kk2vBFFAEM,-
jVpIGSNZBM,-
4dwcRJlP5P,-
NqixOTIy5e,-
YJwJamYZxX,-
5biPonJcw0,-
0xwRZ6CTyo,-
DipIdG2FTr,-
C8aUqLXJPP,-
Kr0d97UZ7x,-
e7mUIzj9nS,-
e1vouZlD9S,-
9xKXFIC0WI,-
0q6Tyr3hos,-
aAMXFaafLY,-
zajeahjwYZ,-
LS5WNCyb7T,-
2xLIO54LQx,-
xol6bo8VWR,-
UTHBg001QW,-
4VxrArymjx,-
jO81OGIsa2,-
XoCVyRJrZM,-
qdIFLcfniN,-
oRI1gYZ6IA,-
SzX6TjarLj,-
PEtlcCZsWM,-
whOqUQm3fw,-
ctWb7MAbSX,-
hMRtUwxei1,-
7GzGsjhzgD,-
